fname,lname,street,city,state,zip_code,email,password,phone
Teddy,Mcclain,716 Mcclain Dr,Davenport Pond,DC,75435,teddy.mcclain@neumont.edu,111111,(262) 448-4558
Colton,Albert,117 Terry Way,Mckinney Bridge,NC,91493,colton.albert@neumont.edu,oSpR&r435,(316) 650-6413
Thomas,Steele,504 Roach Dr,Mcclain Island,AR,49306,thomas.steele@neumont.edu,MxAztzwT^7iuZ5,(744) 739-2623
Tricia,David,493 Espinoza Ave,Bryan Pond,RI,44045,tricia.david@neumont.edu,wtxthf]987,(577) 686-7159
Jameson,Simmons,467 Manning Ln,Flowers River,WV,72545,jameson.simmons@neumont.edu,princess,(381) 965-1403
Jaden,Gibbs,950 Harrison Pass,Weaver Island,CT,63055,jaden.gibbs@neumont.edu,@vvN85xi3,(400) 371-2015
Rudy,Compton,957 Hines Way,Love Bridge,CO,40825,rudy.compton@neumont.edu,vAdV&w88tJq6,(632) 556-4288
Terri,Cruz,604 England Dr,Bartlett Valley,UT,92723,terri.cruz@neumont.edu,piuqgdt62hf!h4,(880) 379-1583
Davion,Lara,756 Gamble Dr,Carrilloburg,WY,83798,davion.lara@neumont.edu,password1,(912) 562-4558
Dillion,Wooten,464 Sellers Dr,Wall River,WI,36483,dillion.wooten@neumont.edu,kjnpEc]a305,(384) 776-6352
Gilbert,Freeman,74 Ashley Ln,Reilly Springs,MS,21926,gilbert.freeman@neumont.edu,kSetzdt6w-,(248) 933-4370
Olivia,Bowen,342 Gentry Dr,Guzman River,NJ,95392,olivia.bowen@neumont.edu,superman,(790) 84-3679
Roderick,Britt,320 Baxter Pass,Key Springs,AK,55670,roderick.britt@neumont.edu,ftww53(4,(704) 301-9350
Dominic,Raymond,560 Rhodes Rd,Hansen River,RI,61797,dominic.raymond@neumont.edu,ePwQWvB-86fw4,(275) 645-3506
Michelle,Simpson,358 Cherry Ln,Hoganville,VT,84203,michelle.simpson@neumont.edu,uewFYa(20,(256) 87-3187
Gino,Vance,945 Huffman Dr,Casey Fork,SD,58142,gino.vance@neumont.edu,password1,(173) 325-9079
Luis,Munoz,537 Duran Pass,Tucker Pond,ME,12624,luis.munoz@neumont.edu,mulaz[mu32ujL0,(271) 189-1644
Ronnie,Reid,194 Wynn Dr,Heath Bridge,MA,89947,ronnie.reid@neumont.edu,VI#h33bKqm0,(352) 596-2687
Dominique,Kirby,773 Tran St,Lloyd Bridge,GA,13893,dominique.kirby@neumont.edu,xm[js78swy7,(544) 205-8317
Abdiel,Barrera,754 Byers St,Baldwin Pond,GA,94669,abdiel.barrera@neumont.edu,.zeuDn59Wjx2,(668) 618-8724
April,Yang,885 Green Ln,Allison River,MD,51396,april.yang@neumont.edu,ksn/ptjp39dp1,(869) 986-2368
Dionte,Small,828 Christian Cir,Wilkins Valley,NC,80642,dionte.small@neumont.edu,r.wqx6w1,(591) 959-9188
Alena,Mathis,521 Durham Pass,Foley Island,HI,53585,alena.mathis@neumont.edu,nr!B90lrdf2,(65) 498-5120
Edith,Wells,451 Malone Ave,Duffy Lake,NH,31690,edith.wells@neumont.edu,dKmofxir8#nhk4,(845) 205-2416
Baby,Abbott,738 Cooley Ln,Nash Springs,NH,14400,baby.abbott@neumont.edu,.vvx72qeT9,(62) 908-4588
Sarina,Flynn,123 Landry Dr,Rodriquezmont,KY,22187,sarina.flynn@neumont.edu,VKGgV%t31O2,(332) 325-9775
Josh,Owens,750 Huber Cir,Ortiz Bridge,CA,87925,josh.owens@neumont.edu,hphmH36F%9,(456) 781-4659
Quinn,Hester,841 Mccall Ct,Farrell City,KY,83153,quinn.hester@neumont.edu,wwF[U201,(751) 840-5846
Teresa,Madden,463 Sullivan Rd,Fletcher Pond,NE,74386,teresa.madden@neumont.edu,korrxrb)67bOg7,(562) 610-1465
Louie,Bryant,455 Jimenez Pass,Weissville,NH,32541,louie.bryant@neumont.edu,fskrk2/opuN7,(712) 615-7675
Stormy,Steele,402 Vazquez St,Wolf Valley,KS,30406,stormy.steele@neumont.edu,hbJhg1fO),(787) 625-2868
Berenice,Chapman,756 Paul Ave,Collier Creek,IN,40414,berenice.chapman@neumont.edu,"IywzcixJ,4u8",(157) 295-1043
Thalia,Nielsen,574 Chen Ln,Velasquez City,MS,10579,thalia.nielsen@neumont.edu,abc123,(238) 808-2262
Damon,Terrell,127 Flynn St,Cruz Pond,WI,17232,damon.terrell@neumont.edu,1q2w3e4r,(659) 954-6985
Whitney,Bauer,920 Jefferson Pass,Clementstown,VA,43707,whitney.bauer@neumont.edu,BXek20ur-W6,(389) 7-5896
Devonte,Decker,500 King Ln,Nunez Creek,CO,92843,devonte.decker@neumont.edu,huh@xaow66cfPv0,(567) 423-7686
Branden,Finley,105 Barry Pass,Lang Island,MI,23115,branden.finley@neumont.edu,pkwBtuk9X%et4,(392) 652-6019
Tariq,Lancaster,751 Zimmerman St,Ortiz Lake,PA,26951,tariq.lancaster@neumont.edu,ncw)mzj100,(863) 137-8164
Dominick,Poole,441 Carson Pass,Park Island,WI,75562,dominick.poole@neumont.edu,ggavuvs$78Imx9,(536) 126-6483
Dontae,Alvarez,102 Cook Dr,Hubbard Creek,OK,22121,dontae.alvarez@neumont.edu,E&illHfw86fwD2,(213) 881-8778
Valentin,Ray,457 Dyer Way,Reid River,NY,59940,valentin.ray@neumont.edu,jEjGnalc19s$j1,(387) 969-7924
Baby,Sheppard,892 Davidson St,Weeksville,KS,10314,baby.sheppard@neumont.edu,123321,(624) 48-5109
Katie,Harrington,600 Benson Cir,Kaufmanville,ME,30033,katie.harrington@neumont.edu,c-rawoo55eQ7,(281) 757-7641
Elsa,Kelley,398 Roberson St,Giles Pond,NC,23209,elsa.kelley@neumont.edu,654321,(186) 584-1133
Humberto,Harmon,294 Rogers Way,Jefferson Creek,MO,56699,humberto.harmon@neumont.edu,rHupzLy32%,(621) 132-8461
Walter,Madden,52 Day Pass,Bean Island,TX,22423,walter.madden@neumont.edu,ReVd^177,(730) 150-8100
Marvin,Pitts,172 Elliott Way,Sandoval Springs,AR,18521,marvin.pitts@neumont.edu,ooxxlwa*39v0,(130) 146-8070
Cheryl,Simpson,311 Pittman Ct,Hooper Bridge,NE,47433,cheryl.simpson@neumont.edu,axv_dbr12z2,(160) 21-5712
Christine,Russell,418 Glass Rd,Williams City,NY,33805,christine.russell@neumont.edu,hPeZilvS67uxl+,(424) 399-4910
Marlon,Pratt,287 Schwartz Rd,Walkermont,AK,17566,marlon.pratt@neumont.edu,nujsaG7_x0,(362) 484-6743
Aisha,Thornton,967 Bowen Cir,Bell Pond,VA,98927,aisha.thornton@neumont.edu,hiHjKx50/tD0,(963) 376-6981
Donavan,Cook,817 Roberson Ct,Ashley Valley,CA,56944,donavan.cook@neumont.edu,kb^xprb2k3,(475) 114-9290
Katie,Tucker,796 Terrell Pass,Wagner City,PA,36374,katie.tucker@neumont.edu,qUGdpdp/8ai7,(12) 49-4740
Cora,Mitchell,54 Matthews St,Blanchard Valley,DE,38186,cora.mitchell@neumont.edu,fdtqL82bd],(429) 23-5171
Jaleel,Salazar,455 Pugh St,Patelburg,KS,52870,jaleel.salazar@neumont.edu,m#mgsqtk29m5,(33) 856-4922
Luke,Navarro,923 Carey St,Parsonsmont,RI,77443,luke.navarro@neumont.edu,na#cSi88fi7,(793) 985-5680
Shayla,Hyde,170 Fulton Blvd,Gill Valley,CT,16116,shayla.hyde@neumont.edu,yhlY^75,(937) 651-8548
Uriel,Velasquez,40 Martin Way,Crosby Valley,FL,37498,uriel.velasquez@neumont.edu,nklokhx6t+,(415) 87-9825
Beau,Hess,199 Dillon Ave,Chandler River,AR,87228,beau.hess@neumont.edu,s[Yg85c6,(192) 680-2954
Galen,Matthews,95 O'neal St,Reed River,NV,87573,galen.matthews@neumont.edu,%wis77z8,(673) 547-3935
Holly,Conway,921 Gomez Ln,Fuentes Valley,WA,96310,holly.conway@neumont.edu,IismVb98p/k4,(763) 350-9849
Jennie,Hopper,213 Atkinson Ln,Suarezburg,IN,85011,jennie.hopper@neumont.edu,BPxkcuy92r-k2,(448) 825-4364
Leo,Valencia,717 Chandler Way,Rossmont,CO,90992,leo.valencia@neumont.edu,F*qoun31krvg9,(53) 491-7029
Heriberto,Curry,832 Merritt Cir,Hickmantown,NC,95200,heriberto.curry@neumont.edu,dSqsZawj16%LxO6,(701) 253-1984
Ben,Booth,666 Herring Blvd,Russo Bridge,VA,43090,ben.booth@neumont.edu,PnDvqjo93z)8,(844) 269-4806
Cheyenne,Walters,933 Woods Ave,Nieves Creek,GA,47772,cheyenne.walters@neumont.edu,nuak@y16mIVa3,(470) 6-9504
Chelsi,Velez,17 May Cir,Leonard Island,CT,49530,chelsi.velez@neumont.edu,"lai,88OLN4",(923) 710-4398
Terrence,Hutchinson,254 Marquez Way,Sutton River,MN,17735,terrence.hutchinson@neumont.edu,trbLr@21,(371) 3-8028
Jermaine,Simpson,681 Ashley Way,Bailey Island,FL,24498,jermaine.simpson@neumont.edu,wzgfy91*,(638) 945-5251
Keegan,Santos,344 Newton Dr,Ewing Lake,VA,36894,keegan.santos@neumont.edu,p@flxqfo92e2,(731) 539-2722
Marquise,May,916 Rush Pass,Hollowayburg,OR,27805,marquise.may@neumont.edu,xxvfKe$1Te1,(730) 419-9132
Berenice,Young,156 Spence Way,Schneidertown,WI,97700,berenice.young@neumont.edu,lncm.64aesZ7,(714) 625-8965
Kalen,Fitzpatrick,601 Sanchez Blvd,Hess Island,GA,93735,kalen.fitzpatrick@neumont.edu,123321,(240) 937-9031
Kaci,Perez,390 Gomez St,Frytown,MO,41733,kaci.perez@neumont.edu,asdfghjkl,(420) 814-6766
Spenser,Salazar,231 Barrett Cir,Cash Fork,NC,40412,spenser.salazar@neumont.edu,rea^46d9,(948) 90-1929
Demarco,Hunt,297 Daniels Ct,Cranetown,OH,46627,demarco.hunt@neumont.edu,U%kDd308,(886) 362-9316
Abraham,Hyde,841 Dean Ln,Lewisville,OH,91826,abraham.hyde@neumont.edu,vssads78-,(274) 378-8363
Isiah,Mooney,302 Britt Ave,Drake Lake,KS,27128,isiah.mooney@neumont.edu,Y@ba591,(122) 52-1504
Salina,Stevens,520 Mueller Cir,Callahanville,IA,58120,salina.stevens@neumont.edu,qwerty,(212) 318-9086
Caitlin,Newton,361 Mendez Blvd,Hamptonburg,OR,22796,caitlin.newton@neumont.edu,password,(66) 952-5399
Josephine,Mcintyre,667 Bell Cir,Laneville,IL,88492,josephine.mcintyre@neumont.edu,654321,(249) 271-7451
Liam,Kline,16 Jackson Ct,Becker Bridge,LA,94791,liam.kline@neumont.edu,"Po,xrg44q9",(189) 328-3229
Bret,Cobb,882 Kinney Ct,Austinmont,TN,95861,bret.cobb@neumont.edu,kTucd!fX69hw4,(410) 729-7345
Dwight,Hodges,633 Estes Dr,Melton Pond,NJ,53593,dwight.hodges@neumont.edu,HTlG%4h5,(865) 303-7117
Arlene,Castillo,291 Bolton St,Gomez Lake,ME,59603,arlene.castillo@neumont.edu,#svez299,(321) 770-4624
Ashlynn,Beard,941 Sampson Pass,Davenport City,DE,35510,ashlynn.beard@neumont.edu,jwfa/57cbdo4,(906) 100-8754
Terri,Potter,280 Reed Rd,Mills Island,VA,67448,terri.potter@neumont.edu,"sguDKmq32,vu2",(100) 64-9056
Clinton,Lane,334 Bartlett Dr,King Valley,SC,62343,clinton.lane@neumont.edu,kdZ[68aL6,(59) 439-4336
Aubrey,Reed,379 Garner Blvd,Chanburg,SC,43559,aubrey.reed@neumont.edu,rfykuEn41lc),(18) 601-7055
Jonatan,Hinton,166 Rodgers Ct,Ryan River,WY,49547,jonatan.hinton@neumont.edu,Qqvvbh99^,(757) 195-7920
Bailee,Harvey,697 Mccoy Pass,Ayalaburg,DC,38091,bailee.harvey@neumont.edu,baseball,(279) 296-8546
Neil,Hayden,263 Burris Ave,Huffman Springs,NM,84646,neil.hayden@neumont.edu,we/b33dc6,(730) 300-8354
Kelvin,Cruz,524 William Ln,Walkerville,MI,93114,kelvin.cruz@neumont.edu,h$aCv73lv0,(385) 638-9241
Markus,Willis,583 Barnett Way,Delgado Fork,CA,92334,markus.willis@neumont.edu,google,(305) 465-7942
Angie,Pittman,82 Key Dr,York City,SC,67883,angie.pittman@neumont.edu,ujujAfU6$5,(349) 142-2161
Deborah,Goodwin,802 Gallegos Rd,Deleontown,CT,97660,deborah.goodwin@neumont.edu,woiqun)25Zodo6,(518) 481-1120
Elisabeth,Weiss,265 Bates Way,Barron Creek,AZ,85379,elisabeth.weiss@neumont.edu,asdfghjkl,(228) 635-3342
Ellen,Vaughan,86 Lindsey Cir,Farmer Bridge,WA,18741,ellen.vaughan@neumont.edu,PZlwN2[j1,(878) 698-1679
Ariel,Duncan,536 Adkins Ave,Lynch Valley,ID,91898,ariel.duncan@neumont.edu,lcmyPt.44,(419) 931-5879
Rachel,Madden,817 Orr Ct,Bryan City,IL,57702,rachel.madden@neumont.edu,*ybihl68f1,(742) 484-2568
